{
  "rmse": 1.9259579807823728,
  "mae": 1.7927196523586908,
  "accuracy": 0.5172,
  "global_precision": 0.680409825947414,
  "ranking": {
    "5": {
      "P": 0.0009200000000000001,
      "R": 0.0039,
      "F1": 0.0014507936507936509,
      "NDCG": 0.00254050278876341,
      "MRR": 0.002283333333333333,
      "HR": 0.0046,
      "MAP": 0.002,
      "n_eval_users": 5000.0
    },
    "10": {
      "P": 0.0008,
      "R": 0.0067333333333333325,
      "F1": 0.0014065601065601065,
      "NDCG": 0.0034641991947440233,
      "MRR": 0.002704047619047619,
      "HR": 0.008,
      "MAP": 0.0023464285714285714,
      "n_eval_users": 5000.0
    },
    "20": {
      "P": 0.00076,
      "R": 0.012830000000000001,
      "F1": 0.0014190223978919631,
      "NDCG": 0.00504421629917481,
      "MRR": 0.0031891877068579854,
      "HR": 0.0152,
      "MAP": 0.002754955716625995,
      "n_eval_users": 5000.0
    }
  },
  "ranking_kfiltered": {
    "5": {
      "P": 0.03076923076923077,
      "R": 0.02564102564102564,
      "F1": 0.02797202797202797,
      "NDCG": 0.026553180172836106,
      "MRR": 0.038461538461538464,
      "HR": 0.07692307692307693,
      "MAP": 0.013846153846153845,
      "n_eval_users": 13.0
    },
    "10": {
      "P": 0.0,
      "R": 0.0,
      "F1": 0.0,
      "NDCG": 0.0,
      "MRR": 0.0,
      "HR": 0.0,
      "MAP": 0.0,
      "n_eval_users": 0.0
    },
    "20": {
      "P": 0.0,
      "R": 0.0,
      "F1": 0.0,
      "NDCG": 0.0,
      "MRR": 0.0,
      "HR": 0.0,
      "MAP": 0.0,
      "n_eval_users": 0.0
    }
  },
  "timings": {
    "t_sbert": 0.18,
    "t_train": 122.61,
    "t_eval": 3.51,
    "world_size": 2.0,
    "loader": "spark",
    "t_load": 16.95,
    "t_graph": 0.11
  }
}