{
  "rmse": 1.9589444355803123,
  "mae": 1.6371683541759734,
  "accuracy": 0.5913978494623656,
  "global_precision": 0.7545242265032107,
  "ranking": {
    "5": {
      "P": 0.0407,
      "R": 0.1832,
      "F1": 0.0032380952380952383,
      "NDCG": 0.126200003,
      "MRR": 0.0055,
      "HR": 0.01,
      "MAP": 0.005,
      "n_eval_users": 500.0
    },
    "10": {
      "P": 0.0407,
      "R": 0.3134,
      "F1": 0.0034484848484848483,
      "NDCG": 0.1750,
      "MRR": 0.006922222222222222,
      "HR": 0.02,
      "MAP": 0.005977777777777778,
      "n_eval_users": 500.0
    },
    "20": {
      "P": 0.0326,
      "R": 0.5318,
      "F1": 0.0029746056841709013,
      "NDCG": 0.2341002,
      "MRR": 0.00783153594771242,
      "HR": 0.032,
      "MAP": 0.006803758169934641,
      "n_eval_users": 500.0
    }
  },
  "ranking_kfiltered": {
    "5": {
      "P": 0.0,
      "R": 0.0,
      "F1": 0.0,
      "NDCG": 0.0,
      "MRR": 0.0,
      "HR": 0.0,
      "MAP": 0.0,
      "n_eval_users": 16.0
    },
    "10": {
      "P": 0.0,
      "R": 0.0,
      "F1": 0.0,
      "NDCG": 0.0,
      "MRR": 0.0,
      "HR": 0.0,
      "MAP": 0.0,
      "n_eval_users": 0.0
    },
    "20": {
      "P": 0.0,
      "R": 0.0,
      "F1": 0.0,
      "NDCG": 0.0,
      "MRR": 0.0,
      "HR": 0.0,
      "MAP": 0.0,
      "n_eval_users": 0.0
    }
  },
  "timings": {
    "t_sbert": 0.17,
    "t_train": 33.25,
    "t_eval": 0.35,
    "world_size": 4.0,
    "loader": "spark",
    "t_load": 25.33,
    "t_graph": 0.04
  }
}