{
  "rmse": 1.9682637545139041,
  "mae": 1.715657662343979,
  "accuracy": 0.5738,
  "global_precision": 0.6953189726594863,
  "ranking": {
    "5": {
      "P": 0.0022400000000000002,
      "R": 0.010706666666666666,
      "F1": 0.0036709523809523815,
      "NDCG": 0.0077661375225321905,
      "MRR": 0.00689,
      "HR": 0.0112,
      "MAP": 0.006752222222222221,
      "n_eval_users": 5000.0
    },
    "10": {
      "P": 0.0016600000000000002,
      "R": 0.015706666666666667,
      "F1": 0.0029782151182151185,
      "NDCG": 0.009382042739509615,
      "MRR": 0.0075880952380952375,
      "HR": 0.0166,
      "MAP": 0.007391388888888889,
      "n_eval_users": 5000.0
    },
    "20": {
      "P": 0.0015899999999999998,
      "R": 0.029613333333333332,
      "F1": 0.0030009817428947863,
      "NDCG": 0.012926349409768272,
      "MRR": 0.00859880097284896,
      "HR": 0.0316,
      "MAP": 0.008326719823004652,
      "n_eval_users": 5000.0
    }
  },
  "ranking_kfiltered": {
    "5": {
      "P": 0.015384615384615385,
      "R": 0.015384615384615385,
      "F1": 0.015384615384615387,
      "NDCG": 0.013044623279754466,
      "MRR": 0.02564102564102564,
      "HR": 0.07692307692307693,
      "MAP": 0.005128205128205128,
      "n_eval_users": 13.0
    },
    "10": {
      "P": 0.0,
      "R": 0.0,
      "F1": 0.0,
      "NDCG": 0.0,
      "MRR": 0.0,
      "HR": 0.0,
      "MAP": 0.0,
      "n_eval_users": 0.0
    },
    "20": {
      "P": 0.0,
      "R": 0.0,
      "F1": 0.0,
      "NDCG": 0.0,
      "MRR": 0.0,
      "HR": 0.0,
      "MAP": 0.0,
      "n_eval_users": 0.0
    }
  },
  "timings": {
    "t_sbert": 0.19,
    "t_train": 134.41,
    "t_eval": 3.95,
    "world_size": 3.0,
    "loader": "spark",
    "t_load": 18.7,
    "t_graph": 0.14
  }
}