{
  "rmse": 1.9224525160339152,
  "mae": 1.793066598010063,
  "accuracy": 0.5135333333333333,
  "global_precision": 0.6781366459627329,
  "ranking": {
    "5": {
      "P": 0.0009599999999999999,
      "R": 0.004216666666666666,
      "F1": 0.0015325396825396828,
      "NDCG": 0.0027348311735080275,
      "MRR": 0.00242,
      "HR": 0.0048,
      "MAP": 0.0021433333333333335,
      "n_eval_users": 5000.0
    },
    "10": {
      "P": 0.0008,
      "R": 0.006673333333333333,
      "F1": 0.00139989343989344,
      "NDCG": 0.003573141792961406,
      "MRR": 0.0028434920634920636,
      "HR": 0.008,
      "MAP": 0.002465706349206349,
      "n_eval_users": 5000.0
    },
    "20": {
      "P": 0.0008,
      "R": 0.01353,
      "F1": 0.0014943470732166383,
      "NDCG": 0.005379121772889191,
      "MRR": 0.003406036965270711,
      "HR": 0.016,
      "MAP": 0.0029496224533120817,
      "n_eval_users": 5000.0
    }
  },
  "ranking_kfiltered": {
    "5": {
      "P": 0.03076923076923077,
      "R": 0.02564102564102564,
      "F1": 0.02797202797202797,
      "NDCG": 0.026553180172836106,
      "MRR": 0.038461538461538464,
      "HR": 0.07692307692307693,
      "MAP": 0.013846153846153845,
      "n_eval_users": 13.0
    },
    "10": {
      "P": 0.0,
      "R": 0.0,
      "F1": 0.0,
      "NDCG": 0.0,
      "MRR": 0.0,
      "HR": 0.0,
      "MAP": 0.0,
      "n_eval_users": 0.0
    },
    "20": {
      "P": 0.0,
      "R": 0.0,
      "F1": 0.0,
      "NDCG": 0.0,
      "MRR": 0.0,
      "HR": 0.0,
      "MAP": 0.0,
      "n_eval_users": 0.0
    }
  },
  "timings": {
    "t_sbert": 0.18,
    "t_train": 113.49,
    "t_eval": 3.68,
    "world_size": 3.0,
    "loader": "spark",
    "t_load": 17.74,
    "t_graph": 0.09
  }
}