{
  "rmse": 1.9164831161278808,
  "mae": 1.7752862800654,
  "accuracy": 0.5247988088063247,
  "global_precision": 0.6863958736299162,
  "ranking": {
    "5": {
      "P": 0.0012,
      "R": 0.004783333333333333,
      "F1": 0.0018523809523809526,
      "NDCG": 0.003610581906735737,
      "MRR": 0.0036233333333333334,
      "HR": 0.006,
      "MAP": 0.0030366666666666667,
      "n_eval_users": 5000.0
    },
    "10": {
      "P": 0.0011400000000000002,
      "R": 0.009183333333333333,
      "F1": 0.001986213786213786,
      "NDCG": 0.005086453986628166,
      "MRR": 0.00429968253968254,
      "HR": 0.0112,
      "MAP": 0.003622222222222222,
      "n_eval_users": 5000.0
    },
    "20": {
      "P": 0.0008900000000000001,
      "R": 0.014055555555555554,
      "F1": 0.0016494415130097289,
      "NDCG": 0.006397530157486051,
      "MRR": 0.004745216143505618,
      "HR": 0.0176,
      "MAP": 0.0039604921467421466,
      "n_eval_users": 5000.0
    }
  },
  "ranking_kfiltered": {
    "5": {
      "P": 0.00625,
      "R": 0.0078125,
      "F1": 0.006944444444444445,
      "NDCG": 0.012199376562253178,
      "MRR": 0.03125,
      "HR": 0.03125,
      "MAP": 0.0078125,
      "n_eval_users": 32.0
    },
    "10": {
      "P": 0.0,
      "R": 0.0,
      "F1": 0.0,
      "NDCG": 0.0,
      "MRR": 0.0,
      "HR": 0.0,
      "MAP": 0.0,
      "n_eval_users": 1.0
    },
    "20": {
      "P": 0.0,
      "R": 0.0,
      "F1": 0.0,
      "NDCG": 0.0,
      "MRR": 0.0,
      "HR": 0.0,
      "MAP": 0.0,
      "n_eval_users": 0.0
    }
  },
  "timings": {
    "t_sbert": 0.17,
    "t_train": 182.78,
    "t_eval": 3.84,
    "world_size": 2.0,
    "loader": "spark",
    "t_load": 20.63,
    "t_graph": 0.14
  }
}