{
  "rmse": 1.909185788316666,
  "mae": 1.7749158039144408,
  "accuracy": 0.5231680079412911,
  "global_precision": 0.6851517107811491,
  "ranking": {
    "5": {
      "P": 0.0010400000000000001,
      "R": 0.004416666666666667,
      "F1": 0.001630952380952381,
      "NDCG": 0.0031208268789166427,
      "MRR": 0.0029266666666666664,
      "HR": 0.0052,
      "MAP": 0.0025800000000000003,
      "n_eval_users": 5000.0
    },
    "10": {
      "P": 0.00114,
      "R": 0.009233333333333333,
      "F1": 0.0019909756909756906,
      "NDCG": 0.00484293052343347,
      "MRR": 0.0038058730158730156,
      "HR": 0.0112,
      "MAP": 0.003300595238095238,
      "n_eval_users": 5000.0
    },
    "20": {
      "P": 0.0009200000000000001,
      "R": 0.014873333333333332,
      "F1": 0.0017105228684359119,
      "NDCG": 0.006296966485412141,
      "MRR": 0.004255993914925803,
      "HR": 0.0182,
      "MAP": 0.0036595004084322967,
      "n_eval_users": 5000.0
    }
  },
  "ranking_kfiltered": {
    "5": {
      "P": 0.00625,
      "R": 0.0078125,
      "F1": 0.006944444444444445,
      "NDCG": 0.006099688281126589,
      "MRR": 0.010416666666666666,
      "HR": 0.03125,
      "MAP": 0.0026041666666666665,
      "n_eval_users": 32.0
    },
    "10": {
      "P": 0.0,
      "R": 0.0,
      "F1": 0.0,
      "NDCG": 0.0,
      "MRR": 0.0,
      "HR": 0.0,
      "MAP": 0.0,
      "n_eval_users": 1.0
    },
    "20": {
      "P": 0.0,
      "R": 0.0,
      "F1": 0.0,
      "NDCG": 0.0,
      "MRR": 0.0,
      "HR": 0.0,
      "MAP": 0.0,
      "n_eval_users": 0.0
    }
  },
  "timings": {
    "t_sbert": 0.15,
    "t_train": 161.95,
    "t_eval": 3.91,
    "world_size": 3.0,
    "loader": "spark",
    "t_load": 23.38,
    "t_graph": 0.17
  }
}