{
  "rmse": 1.9264994963004687,
  "mae": 1.7931663538217544,
  "accuracy": 0.5148,
  "global_precision": 0.6790720754248852,
  "ranking": {
    "5": {
      "P": 0.00108,
      "R": 0.004356666666666667,
      "F1": 0.0016773015873015875,
      "NDCG": 0.00294288114884422,
      "MRR": 0.0027733333333333334,
      "HR": 0.0054,
      "MAP": 0.0023163333333333334,
      "n_eval_users": 5000.0
    },
    "10": {
      "P": 0.0008600000000000002,
      "R": 0.007306666666666666,
      "F1": 0.0015115484515484516,
      "NDCG": 0.003931394460047808,
      "MRR": 0.0032263492063492067,
      "HR": 0.0086,
      "MAP": 0.00272768253968254,
      "n_eval_users": 5000.0
    },
    "20": {
      "P": 0.00077,
      "R": 0.012763333333333333,
      "F1": 0.0014347573875399962,
      "NDCG": 0.00538850032099864,
      "MRR": 0.003695384381700171,
      "HR": 0.0152,
      "MAP": 0.0031149330450251506,
      "n_eval_users": 5000.0
    }
  },
  "ranking_kfiltered": {
    "5": {
      "P": 0.04615384615384616,
      "R": 0.041025641025641026,
      "F1": 0.043356643356643354,
      "NDCG": 0.03664587844301624,
      "MRR": 0.05384615384615384,
      "HR": 0.15384615384615385,
      "MAP": 0.016923076923076923,
      "n_eval_users": 13.0
    },
    "10": {
      "P": 0.0,
      "R": 0.0,
      "F1": 0.0,
      "NDCG": 0.0,
      "MRR": 0.0,
      "HR": 0.0,
      "MAP": 0.0,
      "n_eval_users": 0.0
    },
    "20": {
      "P": 0.0,
      "R": 0.0,
      "F1": 0.0,
      "NDCG": 0.0,
      "MRR": 0.0,
      "HR": 0.0,
      "MAP": 0.0,
      "n_eval_users": 0.0
    }
  },
  "timings": {
    "t_sbert": 0.17,
    "t_train": 158.58,
    "t_eval": 3.29,
    "world_size": 1.0,
    "loader": "pandas",
    "t_load": 2.48,
    "t_graph": 0.07
  }
}