{
  "rmse": 2.2722116683388394,
  "mae": 1.7578611956834793,
  "accuracy": 0.5648,
  "global_precision": 0.6850513890302229,
  "ranking": {
    "5": {
      "P": 0.0018399999999999998,
      "R": 0.008666666666666668,
      "F1": 0.003011904761904762,
      "NDCG": 0.005928374628647676,
      "MRR": 0.005233333333333334,
      "HR": 0.0092,
      "MAP": 0.00494,
      "n_eval_users": 5000.0
    },
    "10": {
      "P": 0.0014,
      "R": 0.012456666666666666,
      "F1": 0.002484375624375624,
      "NDCG": 0.007229329234581196,
      "MRR": 0.005862857142857143,
      "HR": 0.0138,
      "MAP": 0.005461455026455027,
      "n_eval_users": 5000.0
    },
    "20": {
      "P": 0.0011300000000000001,
      "R": 0.020095555555555554,
      "F1": 0.00212064572908351,
      "NDCG": 0.009205724006968083,
      "MRR": 0.006456969500228014,
      "HR": 0.0224,
      "MAP": 0.0059883512306693415,
      "n_eval_users": 5000.0
    }
  },
  "ranking_kfiltered": {
    "5": {
      "P": 0.015384615384615385,
      "R": 0.01282051282051282,
      "F1": 0.013986013986013984,
      "NDCG": 0.016460481902655966,
      "MRR": 0.038461538461538464,
      "HR": 0.07692307692307693,
      "MAP": 0.007692307692307693,
      "n_eval_users": 13.0
    },
    "10": {
      "P": 0.0,
      "R": 0.0,
      "F1": 0.0,
      "NDCG": 0.0,
      "MRR": 0.0,
      "HR": 0.0,
      "MAP": 0.0,
      "n_eval_users": 0.0
    },
    "20": {
      "P": 0.0,
      "R": 0.0,
      "F1": 0.0,
      "NDCG": 0.0,
      "MRR": 0.0,
      "HR": 0.0,
      "MAP": 0.0,
      "n_eval_users": 0.0
    }
  },
  "timings": {
    "t_sbert": 0.21,
    "t_train": 114.85,
    "t_eval": 3.78,
    "world_size": 4.0,
    "loader": "spark",
    "t_load": 22.37,
    "t_graph": 0.14
  }
}