{
  "rmse": 1.9676852385394903,
  "mae": 1.7148852276643116,
  "accuracy": 0.5734,
  "global_precision": 0.6952509332227291,
  "ranking": {
    "5": {
      "P": 0.0021200000000000004,
      "R": 0.010116666666666666,
      "F1": 0.0034753968253968255,
      "NDCG": 0.007537946170135927,
      "MRR": 0.0067466666666666664,
      "HR": 0.0106,
      "MAP": 0.006638333333333333,
      "n_eval_users": 5000.0
    },
    "10": {
      "P": 0.0018,
      "R": 0.016906666666666667,
      "F1": 0.0032266999666999666,
      "NDCG": 0.00973077716621287,
      "MRR": 0.00768404761904762,
      "HR": 0.018,
      "MAP": 0.007504464285714286,
      "n_eval_users": 5000.0
    },
    "20": {
      "P": 0.00157,
      "R": 0.029179999999999994,
      "F1": 0.0029620959909655562,
      "NDCG": 0.012863718035575244,
      "MRR": 0.008574834874447877,
      "HR": 0.0312,
      "MAP": 0.008335834389065813,
      "n_eval_users": 5000.0
    }
  },
  "ranking_kfiltered": {
    "5": {
      "P": 0.0,
      "R": 0.0,
      "F1": 0.0,
      "NDCG": 0.0,
      "MRR": 0.0,
      "HR": 0.0,
      "MAP": 0.0,
      "n_eval_users": 13.0
    },
    "10": {
      "P": 0.0,
      "R": 0.0,
      "F1": 0.0,
      "NDCG": 0.0,
      "MRR": 0.0,
      "HR": 0.0,
      "MAP": 0.0,
      "n_eval_users": 0.0
    },
    "20": {
      "P": 0.0,
      "R": 0.0,
      "F1": 0.0,
      "NDCG": 0.0,
      "MRR": 0.0,
      "HR": 0.0,
      "MAP": 0.0,
      "n_eval_users": 0.0
    }
  },
  "timings": {
    "t_sbert": 0.21,
    "t_train": 135.09,
    "t_eval": 3.96,
    "world_size": 4.0,
    "loader": "spark",
    "t_load": 26.47,
    "t_graph": 0.11
  }
}