{
  "rmse": 1.9220887199302157,
  "mae": 1.7930255373160044,
  "accuracy": 0.5124666666666666,
  "global_precision": 0.6779386074369853,
  "ranking": {
    "5": {
      "P": 0.00108,
      "R": 0.00479,
      "F1": 0.001722539682539683,
      "NDCG": 0.0031103596949000633,
      "MRR": 0.00274,
      "HR": 0.0054,
      "MAP": 0.0024746666666666667,
      "n_eval_users": 5000.0
    },
    "10": {
      "P": 0.0009,
      "R": 0.0077733333333333335,
      "F1": 0.0015847419247419247,
      "NDCG": 0.00409508166136401,
      "MRR": 0.003203333333333333,
      "HR": 0.009,
      "MAP": 0.0028500634920634923,
      "n_eval_users": 5000.0
    },
    "20": {
      "P": 0.0008300000000000001,
      "R": 0.013980000000000001,
      "F1": 0.0015491089779785432,
      "NDCG": 0.005724309129787413,
      "MRR": 0.003704237656907935,
      "HR": 0.0164,
      "MAP": 0.0032737114989413747,
      "n_eval_users": 5000.0
    }
  },
  "ranking_kfiltered": {
    "5": {
      "P": 0.04615384615384616,
      "R": 0.041025641025641026,
      "F1": 0.043356643356643354,
      "NDCG": 0.03664587844301624,
      "MRR": 0.05384615384615384,
      "HR": 0.15384615384615385,
      "MAP": 0.016923076923076923,
      "n_eval_users": 13.0
    },
    "10": {
      "P": 0.0,
      "R": 0.0,
      "F1": 0.0,
      "NDCG": 0.0,
      "MRR": 0.0,
      "HR": 0.0,
      "MAP": 0.0,
      "n_eval_users": 0.0
    },
    "20": {
      "P": 0.0,
      "R": 0.0,
      "F1": 0.0,
      "NDCG": 0.0,
      "MRR": 0.0,
      "HR": 0.0,
      "MAP": 0.0,
      "n_eval_users": 0.0
    }
  },
  "timings": {
    "t_sbert": 0.16,
    "t_train": 108.33,
    "t_eval": 3.75,
    "world_size": 4.0,
    "loader": "spark",
    "t_load": 21.99,
    "t_graph": 0.1
  }
}