{
  "rmse": 2.1841873949428448,
  "mae": 1.7330929885864257,
  "accuracy": 0.5723333333333334,
  "global_precision": 0.6845472440944882,
  "ranking": {
    "5": {
      "P": 0.0015600000000000002,
      "R": 0.006841666666666667,
      "F1": 0.002477594627594628,
      "NDCG": 0.004502151032015217,
      "MRR": 0.004033333333333333,
      "HR": 0.0078,
      "MAP": 0.0035766666666666664,
      "n_eval_users": 5000.0
    },
    "10": {
      "P": 0.0013800000000000002,
      "R": 0.012341666666666666,
      "F1": 0.002451259851259851,
      "NDCG": 0.006291153390078028,
      "MRR": 0.0047838095238095235,
      "HR": 0.0136,
      "MAP": 0.0043031547619047615,
      "n_eval_users": 5000.0
    },
    "20": {
      "P": 0.0013100000000000002,
      "R": 0.023825,
      "F1": 0.002467758328627894,
      "NDCG": 0.00921052930120177,
      "MRR": 0.005614415007936679,
      "HR": 0.026,
      "MAP": 0.0050753233685818825,
      "n_eval_users": 5000.0
    }
  },
  "ranking_kfiltered": {
    "5": {
      "P": 0.04615384615384616,
      "R": 0.041666666666666664,
      "F1": 0.0429143506066583,
      "NDCG": 0.03748667112934337,
      "MRR": 0.0641025641025641,
      "HR": 0.23076923076923078,
      "MAP": 0.014102564102564105,
      "n_eval_users": 13.0
    },
    "10": {
      "P": 0.0,
      "R": 0.0,
      "F1": 0.0,
      "NDCG": 0.0,
      "MRR": 0.0,
      "HR": 0.0,
      "MAP": 0.0,
      "n_eval_users": 0.0
    },
    "20": {
      "P": 0.0,
      "R": 0.0,
      "F1": 0.0,
      "NDCG": 0.0,
      "MRR": 0.0,
      "HR": 0.0,
      "MAP": 0.0,
      "n_eval_users": 0.0
    }
  },
  "timings": {
    "t_sbert": 0.15,
    "t_train": 155.4,
    "t_eval": 3.17,
    "world_size": 1.0,
    "loader": "pandas",
    "t_load": 2.28,
    "t_graph": 0.06
  }
}