{
  "rmse": 1.9528764751139887,
  "mae": 1.6385584009407852,
  "accuracy": 0.5889016897081413,
  "global_precision": 0.752553253574555,
  "ranking": {
    "5": {
      "P": 0.0024000000000000002,
      "R": 0.011,
      "F1": 0.0039047619047619052,
      "NDCG": 0.007332989750366912,
      "MRR": 0.0064,
      "HR": 0.012,
      "MAP": 0.005900000000000001,
      "n_eval_users": 500.0
    },
    "10": {
      "P": 0.0018,
      "R": 0.016,
      "F1": 0.0032121212121212117,
      "NDCG": 0.008950813951751117,
      "MRR": 0.007135714285714286,
      "HR": 0.018,
      "MAP": 0.006492857142857143,
      "n_eval_users": 500.0
    },
    "20": {
      "P": 0.0017000000000000001,
      "R": 0.02806666666666667,
      "F1": 0.003165081874647092,
      "NDCG": 0.012198517516088483,
      "MRR": 0.008208712486344064,
      "HR": 0.034,
      "MAP": 0.00733914969046548,
      "n_eval_users": 500.0
    }
  },
  "ranking_kfiltered": {
    "5": {
      "P": 0.0,
      "R": 0.0,
      "F1": 0.0,
      "NDCG": 0.0,
      "MRR": 0.0,
      "HR": 0.0,
      "MAP": 0.0,
      "n_eval_users": 16.0
    },
    "10": {
      "P": 0.0,
      "R": 0.0,
      "F1": 0.0,
      "NDCG": 0.0,
      "MRR": 0.0,
      "HR": 0.0,
      "MAP": 0.0,
      "n_eval_users": 0.0
    },
    "20": {
      "P": 0.0,
      "R": 0.0,
      "F1": 0.0,
      "NDCG": 0.0,
      "MRR": 0.0,
      "HR": 0.0,
      "MAP": 0.0,
      "n_eval_users": 0.0
    }
  },
  "timings": {
    "t_sbert": 0.14,
    "t_train": 30.82,
    "t_eval": 0.35,
    "world_size": 3.0,
    "loader": "spark",
    "t_load": 19.67,
    "t_graph": 0.04
  }
}