{
  "rmse": 1.9675319110902452,
  "mae": 1.7102479744892363,
  "accuracy": 0.586237458786826,
  "global_precision": 0.6823586508129095,
  "ranking": {
    "5": {
      "P": 0.0026,
      "R": 0.012,
      "F1": 0.004206349206349207,
      "NDCG": 0.006223713656647511,
      "MRR": 0.00475,
      "HR": 0.013,
      "MAP": 0.004179166666666666,
      "n_eval_users": 5000.0
    },
    "10": {
      "P": 0.0018399999999999998,
      "R": 0.0168,
      "F1": 0.0032839826839826843,
      "NDCG": 0.007828587637200634,
      "MRR": 0.005476904761904761,
      "HR": 0.0184,
      "MAP": 0.0048278968253968255,
      "n_eval_users": 5000.0
    },
    "20": {
      "P": 0.00145,
      "R": 0.026283333333333332,
      "F1": 0.0027319687558817994,
      "NDCG": 0.010226703323764644,
      "MRR": 0.006161668719996894,
      "HR": 0.029,
      "MAP": 0.005439359348082258,
      "n_eval_users": 5000.0
    }
  },
  "ranking_kfiltered": {
    "5": {
      "P": 0.0125,
      "R": 0.015625,
      "F1": 0.01388888888888889,
      "NDCG": 0.010819051350745502,
      "MRR": 0.016666666666666666,
      "HR": 0.0625,
      "MAP": 0.004166666666666667,
      "n_eval_users": 32.0
    },
    "10": {
      "P": 0.0,
      "R": 0.0,
      "F1": 0.0,
      "NDCG": 0.0,
      "MRR": 0.0,
      "HR": 0.0,
      "MAP": 0.0,
      "n_eval_users": 1.0
    },
    "20": {
      "P": 0.0,
      "R": 0.0,
      "F1": 0.0,
      "NDCG": 0.0,
      "MRR": 0.0,
      "HR": 0.0,
      "MAP": 0.0,
      "n_eval_users": 0.0
    }
  },
  "timings": {
    "t_sbert": 0.16,
    "t_train": 203.76,
    "t_eval": 4.05,
    "world_size": 2.0,
    "loader": "spark",
    "t_load": 20.89,
    "t_graph": 0.16
  }
}