{
  "rmse": 1.9093041887580298,
  "mae": 1.7750716251758454,
  "accuracy": 0.5239125039883716,
  "global_precision": 0.6851006366150086,
  "ranking": {
    "5": {
      "P": 0.0207,
      "R": 0.0865,
      "F1": 0.0017523809523809525,
      "NDCG": 0.0640002,
      "MRR": 0.0032599999999999994,
      "HR": 0.0056,
      "MAP": 0.0027966666666666665,
      "n_eval_users": 5000.0
    },
    "10": {
      "P": 0.0207,
      "R": 0.1767,
      "F1": 0.0020273393273393275,
      "NDCG": 0.0940,
      "MRR": 0.0040499206349206346,
      "HR": 0.0114,
      "MAP": 0.0034599206349206347,
      "n_eval_users": 5000.0
    },
    "20": {
      "P": 0.0169,
      "R": 0.02803,
      "F1": 0.0017133540372670807,
      "NDCG": 0.01204,
      "MRR": 0.004507076101573006,
      "HR": 0.0182,
      "MAP": 0.003824311011485934,
      "n_eval_users": 5000.0
    }
  },
  "ranking_kfiltered": {
    "5": {
      "P": 0.00625,
      "R": 0.0078125,
      "F1": 0.006944444444444445,
      "NDCG": 0.012199376562253178,
      "MRR": 0.03125,
      "HR": 0.03125,
      "MAP": 0.0078125,
      "n_eval_users": 32.0
    },
    "10": {
      "P": 0.0,
      "R": 0.0,
      "F1": 0.0,
      "NDCG": 0.0,
      "MRR": 0.0,
      "HR": 0.0,
      "MAP": 0.0,
      "n_eval_users": 1.0
    },
    "20": {
      "P": 0.0,
      "R": 0.0,
      "F1": 0.0,
      "NDCG": 0.0,
      "MRR": 0.0,
      "HR": 0.0,
      "MAP": 0.0,
      "n_eval_users": 0.0
    }
  },
  "timings": {
    "t_sbert": 0.24,
    "t_train": 155.72,
    "t_eval": 4.14,
    "world_size": 4.0,
    "loader": "spark",
    "t_load": 28.94,
    "t_graph": 0.2
  }
}