{
  "rmse": 1.9746366435706122,
  "mae": 1.710032162842301,
  "accuracy": 0.5864501719431346,
  "global_precision": 0.6826638169718755,
  "ranking": {
    "5": {
      "P": 0.0026,
      "R": 0.012,
      "F1": 0.004206349206349207,
      "NDCG": 0.006404270626563116,
      "MRR": 0.0049766666666666666,
      "HR": 0.013,
      "MAP": 0.004423333333333334,
      "n_eval_users": 5000.0
    },
    "10": {
      "P": 0.0018200000000000002,
      "R": 0.0168,
      "F1": 0.0032536796536796536,
      "NDCG": 0.007981427043876638,
      "MRR": 0.005665396825396825,
      "HR": 0.0182,
      "MAP": 0.005058611111111111,
      "n_eval_users": 5000.0
    },
    "20": {
      "P": 0.00145,
      "R": 0.026566666666666662,
      "F1": 0.0027360060229625447,
      "NDCG": 0.010494563965827049,
      "MRR": 0.006391612471635691,
      "HR": 0.0288,
      "MAP": 0.005729372905646125,
      "n_eval_users": 5000.0
    }
  },
  "ranking_kfiltered": {
    "5": {
      "P": 0.0125,
      "R": 0.015625,
      "F1": 0.01388888888888889,
      "NDCG": 0.0174533620707256,
      "MRR": 0.0390625,
      "HR": 0.0625,
      "MAP": 0.009765625,
      "n_eval_users": 32.0
    },
    "10": {
      "P": 0.0,
      "R": 0.0,
      "F1": 0.0,
      "NDCG": 0.0,
      "MRR": 0.0,
      "HR": 0.0,
      "MAP": 0.0,
      "n_eval_users": 1.0
    },
    "20": {
      "P": 0.0,
      "R": 0.0,
      "F1": 0.0,
      "NDCG": 0.0,
      "MRR": 0.0,
      "HR": 0.0,
      "MAP": 0.0,
      "n_eval_users": 0.0
    }
  },
  "timings": {
    "t_sbert": 0.13,
    "t_train": 264.43,
    "t_eval": 3.88,
    "world_size": 1.0,
    "loader": "pandas",
    "t_load": 4.74,
    "t_graph": 0.14
  }
}