{
  "rmse": 2.24925344736904,
  "mae": 1.7359627263387045,
  "accuracy": 0.5682,
  "global_precision": 0.6797270955165692,
  "ranking": {
    "5": {
      "P": 0.0019200000000000003,
      "R": 0.008883333333333333,
      "F1": 0.003115873015873016,
      "NDCG": 0.005905002135228708,
      "MRR": 0.005256666666666667,
      "HR": 0.0096,
      "MAP": 0.004821666666666667,
      "n_eval_users": 5000.0
    },
    "10": {
      "P": 0.00132,
      "R": 0.011699999999999999,
      "F1": 0.0023433899433899434,
      "NDCG": 0.006838410898752764,
      "MRR": 0.005702698412698414,
      "HR": 0.0132,
      "MAP": 0.0051669047619047614,
      "n_eval_users": 5000.0
    },
    "20": {
      "P": 0.0011200000000000001,
      "R": 0.02035,
      "F1": 0.002110831921701487,
      "NDCG": 0.009019110606583598,
      "MRR": 0.006299371338156168,
      "HR": 0.0222,
      "MAP": 0.005744278236813067,
      "n_eval_users": 5000.0
    }
  },
  "ranking_kfiltered": {
    "5": {
      "P": 0.015384615384615385,
      "R": 0.01282051282051282,
      "F1": 0.013986013986013984,
      "NDCG": 0.011236026910977418,
      "MRR": 0.019230769230769232,
      "HR": 0.07692307692307693,
      "MAP": 0.0038461538461538464,
      "n_eval_users": 13.0
    },
    "10": {
      "P": 0.0,
      "R": 0.0,
      "F1": 0.0,
      "NDCG": 0.0,
      "MRR": 0.0,
      "HR": 0.0,
      "MAP": 0.0,
      "n_eval_users": 0.0
    },
    "20": {
      "P": 0.0,
      "R": 0.0,
      "F1": 0.0,
      "NDCG": 0.0,
      "MRR": 0.0,
      "HR": 0.0,
      "MAP": 0.0,
      "n_eval_users": 0.0
    }
  },
  "timings": {
    "t_sbert": 0.0,
    "t_train": 128.31,
    "t_eval": 3.89,
    "world_size": 2.0,
    "loader": "spark",
    "t_load": 17.62,
    "t_graph": 0.1
  }
}