{
  "rmse": 1.5973280039874598,
  "mae": 1.440674772643457,
  "accuracy": 0.45314900153609833,
  "global_precision": 0.756578947368421,
  "ranking": {
    "5": {
      "P": 0.01990950226244344,
      "R": 0.04159663865546218,
      "F1": 0.02431000372176843,
      "NDCG": 0.0278850299397526,
      "MRR": 0.036877828054298636,
      "HR": 0.09502262443438914,
      "MAP": 0.015863499245852185,
      "n_eval_users": 221.0
    },
    "10": {
      "P": 0.01583710407239819,
      "R": 0.06237879767291531,
      "F1": 0.023661049712420487,
      "NDCG": 0.03633704510184041,
      "MRR": 0.04258241758241758,
      "HR": 0.13574660633484162,
      "MAP": 0.018668582817742484,
      "n_eval_users": 221.0
    },
    "20": {
      "P": 0.016968325791855202,
      "R": 0.1488418444300797,
      "F1": 0.029304608071084565,
      "NDCG": 0.062491443515848955,
      "MRR": 0.05309032833110695,
      "HR": 0.29411764705882354,
      "MAP": 0.024981817189697067,
      "n_eval_users": 221.0
    }
  },
  "ranking_kfiltered": {
    "5": {
      "P": 0.061111111111111116,
      "R": 0.0585978835978836,
      "F1": 0.059399551066217735,
      "NDCG": 0.05740416970306819,
      "MRR": 0.11527777777777778,
      "HR": 0.2777777777777778,
      "MAP": 0.026087962962962966,
      "n_eval_users": 36.0
    },
    "10": {
      "P": 0.0,
      "R": 0.0,
      "F1": 0.0,
      "NDCG": 0.0,
      "MRR": 0.0,
      "HR": 0.0,
      "MAP": 0.0,
      "n_eval_users": 0.0
    },
    "20": {
      "P": 0.0,
      "R": 0.0,
      "F1": 0.0,
      "NDCG": 0.0,
      "MRR": 0.0,
      "HR": 0.0,
      "MAP": 0.0,
      "n_eval_users": 0.0
    }
  }
}