{
  "rmse": 1.5968694718130847,
  "mae": 1.4383818422045027,
  "accuracy": 0.49923195084485406,
  "global_precision": 0.8,
  "ranking": {
    "5": {
      "P": 0.013574660633484163,
      "R": 0.031598793363499245,
      "F1": 0.017697661815308876,
      "NDCG": 0.024590718464817567,
      "MRR": 0.03386123680241327,
      "HR": 0.06334841628959276,
      "MAP": 0.016679235796882855,
      "n_eval_users": 221.0
    },
    "10": {
      "P": 0.01312217194570136,
      "R": 0.061161387631975865,
      "F1": 0.02057983494635078,
      "NDCG": 0.03577849072180418,
      "MRR": 0.040131437190260716,
      "HR": 0.11312217194570136,
      "MAP": 0.020585482056070293,
      "n_eval_users": 221.0
    },
    "20": {
      "P": 0.0165158371040724,
      "R": 0.15124973066149539,
      "F1": 0.0288133626634512,
      "NDCG": 0.06366337046634832,
      "MRR": 0.05240227138263086,
      "HR": 0.2895927601809955,
      "MAP": 0.027069701223718982,
      "n_eval_users": 221.0
    }
  },
  "ranking_kfiltered": {
    "5": {
      "P": 0.027777777777777776,
      "R": 0.03194444444444445,
      "F1": 0.02927890011223345,
      "NDCG": 0.03719923469849879,
      "MRR": 0.08796296296296297,
      "HR": 0.1388888888888889,
      "MAP": 0.019907407407407405,
      "n_eval_users": 36.0
    },
    "10": {
      "P": 0.0,
      "R": 0.0,
      "F1": 0.0,
      "NDCG": 0.0,
      "MRR": 0.0,
      "HR": 0.0,
      "MAP": 0.0,
      "n_eval_users": 0.0
    },
    "20": {
      "P": 0.0,
      "R": 0.0,
      "F1": 0.0,
      "NDCG": 0.0,
      "MRR": 0.0,
      "HR": 0.0,
      "MAP": 0.0,
      "n_eval_users": 0.0
    }
  }
}