{
  "rmse": 1.382209178008717,
  "mae": 1.2586799642091155,
  "accuracy": 0.7864823348694316,
  "global_precision": 0.7864823348694316,
  "ranking": {
    "5": {
      "P": 0.010859728506787332,
      "R": 0.020889894419306183,
      "F1": 0.013524710583534116,
      "NDCG": 0.017207514037820122,
      "MRR": 0.027828054298642536,
      "HR": 0.05429864253393665,
      "MAP": 0.01045751633986928,
      "n_eval_users": 221.0
    },
    "10": {
      "P": 0.01312217194570136,
      "R": 0.05610859728506787,
      "F1": 0.020355285739901124,
      "NDCG": 0.03056259769464989,
      "MRR": 0.03735904618257559,
      "HR": 0.13122171945701358,
      "MAP": 0.014522732169790994,
      "n_eval_users": 221.0
    },
    "20": {
      "P": 0.014932126696832578,
      "R": 0.1258726567550097,
      "F1": 0.025835149323246903,
      "NDCG": 0.05281147646310784,
      "MRR": 0.047719641362735654,
      "HR": 0.28054298642533937,
      "MAP": 0.019638348834025675,
      "n_eval_users": 221.0
    }
  },
  "ranking_kfiltered": {
    "5": {
      "P": 0.022222222222222223,
      "R": 0.024074074074074074,
      "F1": 0.022951739618406283,
      "NDCG": 0.02422382969937757,
      "MRR": 0.053240740740740734,
      "HR": 0.1111111111111111,
      "MAP": 0.011458333333333333,
      "n_eval_users": 36.0
    },
    "10": {
      "P": 0.0,
      "R": 0.0,
      "F1": 0.0,
      "NDCG": 0.0,
      "MRR": 0.0,
      "HR": 0.0,
      "MAP": 0.0,
      "n_eval_users": 0.0
    },
    "20": {
      "P": 0.0,
      "R": 0.0,
      "F1": 0.0,
      "NDCG": 0.0,
      "MRR": 0.0,
      "HR": 0.0,
      "MAP": 0.0,
      "n_eval_users": 0.0
    }
  }
}