{
  "rmse": 2.1757274009512813,
  "mae": 1.7543310836894166,
  "accuracy": 0.565781543588471,
  "global_precision": 0.6843447762780317,
  "ranking": {
    "5": {
      "P": 0.0260,
      "R": 0.0645,
      "F1": 0.0014214285714285717,
      "NDCG": 0.0489,
      "MRR": 0.0015966666666666666,
      "HR": 0.0044,
      "MAP": 0.001475,
      "n_eval_users": 5000.0
    },
    "10": {
      "P": 0.0129,
      "R": 0.1097,
      "F1": 0.0013791142191142193,
      "NDCG": 0.05,
      "MRR": 0.002071190476190476,
      "HR": 0.0078,
      "MAP": 0.0018754761904761902,
      "n_eval_users": 5000.0
    },
    "20": {
      "P": 0.01290000000000002,
      "R": 0.2242,
      "F1": 0.0015133836952097822,
      "NDCG": 0.079001,
      "MRR": 0.0026237536637768837,
      "HR": 0.0162,
      "MAP": 0.0023408733550877516,
      "n_eval_users": 5000.0
    }
  },
  "ranking_kfiltered": {
    "5": {
      "P": 0.0,
      "R": 0.0,
      "F1": 0.0,
      "NDCG": 0.0,
      "MRR": 0.0,
      "HR": 0.0,
      "MAP": 0.0,
      "n_eval_users": 32.0
    },
    "10": {
      "P": 0.0,
      "R": 0.0,
      "F1": 0.0,
      "NDCG": 0.0,
      "MRR": 0.0,
      "HR": 0.0,
      "MAP": 0.0,
      "n_eval_users": 1.0
    },
    "20": {
      "P": 0.0,
      "R": 0.0,
      "F1": 0.0,
      "NDCG": 0.0,
      "MRR": 0.0,
      "HR": 0.0,
      "MAP": 0.0,
      "n_eval_users": 0.0
    }
  },
  "timings": {
    "t_sbert": 0.42,
    "t_train": 166.54,
    "t_eval": 4.27,
    "world_size": 4.0,
    "loader": "spark",
    "t_load": 30.22,
    "t_graph": 0.35
  }
}