{
  "rmse": 1.9805059716017335,
  "mae": 1.7172965920289358,
  "accuracy": 0.5720666666666666,
  "global_precision": 0.6938923395445135,
  "ranking": {
    "5": {
      "P": 0.00236,
      "R": 0.01114,
      "F1": 0.0038431746031746036,
      "NDCG": 0.007819965712004006,
      "MRR": 0.006846666666666667,
      "HR": 0.0118,
      "MAP": 0.006676666666666667,
      "n_eval_users": 5000.0
    },
    "10": {
      "P": 0.0019400000000000003,
      "R": 0.018273333333333332,
      "F1": 0.003478681318681319,
      "NDCG": 0.010130961047966468,
      "MRR": 0.007828015873015874,
      "HR": 0.0194,
      "MAP": 0.007601190476190476,
      "n_eval_users": 5000.0
    },
    "20": {
      "P": 0.00148,
      "R": 0.027279999999999995,
      "F1": 0.002789801618671184,
      "NDCG": 0.01250117332603128,
      "MRR": 0.008540838830072577,
      "HR": 0.0294,
      "MAP": 0.0082550443929995,
      "n_eval_users": 5000.0
    }
  },
  "ranking_kfiltered": {
    "5": {
      "P": 0.015384615384615385,
      "R": 0.015384615384615385,
      "F1": 0.015384615384615387,
      "NDCG": 0.011236026910977418,
      "MRR": 0.019230769230769232,
      "HR": 0.07692307692307693,
      "MAP": 0.0038461538461538464,
      "n_eval_users": 13.0
    },
    "10": {
      "P": 0.0,
      "R": 0.0,
      "F1": 0.0,
      "NDCG": 0.0,
      "MRR": 0.0,
      "HR": 0.0,
      "MAP": 0.0,
      "n_eval_users": 0.0
    },
    "20": {
      "P": 0.0,
      "R": 0.0,
      "F1": 0.0,
      "NDCG": 0.0,
      "MRR": 0.0,
      "HR": 0.0,
      "MAP": 0.0,
      "n_eval_users": 0.0
    }
  },
  "timings": {
    "t_sbert": 0.17,
    "t_train": 138.46,
    "t_eval": 3.6,
    "world_size": 2.0,
    "loader": "spark",
    "t_load": 15.19,
    "t_graph": 0.09
  }
}