{
  "rmse": 2.175091595681659,
  "mae": 1.7538088695216967,
  "accuracy": 0.565497926046726,
  "global_precision": 0.6841126461211477,
  "ranking": {
    "5": {
      "P": 0.00084,
      "R": 0.003645238095238095,
      "F1": 0.0013182539682539685,
      "NDCG": 0.0022982409631578443,
      "MRR": 0.0019799999999999996,
      "HR": 0.0042,
      "MAP": 0.0017791666666666665,
      "n_eval_users": 5000.0
    },
    "10": {
      "P": 0.0007800000000000001,
      "R": 0.0066519047619047625,
      "F1": 0.001364548392783687,
      "NDCG": 0.003284329303975963,
      "MRR": 0.002433730158730159,
      "HR": 0.0078,
      "MAP": 0.0021598809523809526,
      "n_eval_users": 5000.0
    },
    "20": {
      "P": 0.0008200000000000001,
      "R": 0.013935238095238094,
      "F1": 0.0015280436729132381,
      "NDCG": 0.005177057680440724,
      "MRR": 0.003016129069588822,
      "HR": 0.0164,
      "MAP": 0.002652309833269585,
      "n_eval_users": 5000.0
    }
  },
  "ranking_kfiltered": {
    "5": {
      "P": 0.0125,
      "R": 0.012276785714285714,
      "F1": 0.012152777777777778,
      "NDCG": 0.011941056281426407,
      "MRR": 0.0234375,
      "HR": 0.0625,
      "MAP": 0.005078125,
      "n_eval_users": 32.0
    },
    "10": {
      "P": 0.0,
      "R": 0.0,
      "F1": 0.0,
      "NDCG": 0.0,
      "MRR": 0.0,
      "HR": 0.0,
      "MAP": 0.0,
      "n_eval_users": 1.0
    },
    "20": {
      "P": 0.0,
      "R": 0.0,
      "F1": 0.0,
      "NDCG": 0.0,
      "MRR": 0.0,
      "HR": 0.0,
      "MAP": 0.0,
      "n_eval_users": 0.0
    }
  },
  "timings": {
    "t_sbert": 0.19,
    "t_train": 166.48,
    "t_eval": 3.6,
    "world_size": 3.0,
    "loader": "spark",
    "t_load": 23.18,
    "t_graph": 0.21
  }
}