{
  "rmse": 1.9092752028468671,
  "mae": 1.7750544013078384,
  "accuracy": 0.5230616513631368,
  "global_precision": 0.6845901217077726,
  "ranking": {
    "5": {
      "P": 0.00116,
      "R": 0.00475,
      "F1": 0.0018095238095238095,
      "NDCG": 0.003226276725393647,
      "MRR": 0.0030833333333333338,
      "HR": 0.0058,
      "MAP": 0.002565,
      "n_eval_users": 5000.0
    },
    "10": {
      "P": 0.00118,
      "R": 0.009533333333333335,
      "F1": 0.002060672660672661,
      "NDCG": 0.004830755644861338,
      "MRR": 0.003832380952380952,
      "HR": 0.0116,
      "MAP": 0.0031901984126984123,
      "n_eval_users": 5000.0
    },
    "20": {
      "P": 0.00088,
      "R": 0.014323333333333335,
      "F1": 0.0016375791454921892,
      "NDCG": 0.006088687286319852,
      "MRR": 0.00422790835755232,
      "HR": 0.0174,
      "MAP": 0.003520643191517804,
      "n_eval_users": 5000.0
    }
  },
  "ranking_kfiltered": {
    "5": {
      "P": 0.00625,
      "R": 0.0078125,
      "F1": 0.006944444444444445,
      "NDCG": 0.012199376562253178,
      "MRR": 0.03125,
      "HR": 0.03125,
      "MAP": 0.0078125,
      "n_eval_users": 32.0
    },
    "10": {
      "P": 0.0,
      "R": 0.0,
      "F1": 0.0,
      "NDCG": 0.0,
      "MRR": 0.0,
      "HR": 0.0,
      "MAP": 0.0,
      "n_eval_users": 1.0
    },
    "20": {
      "P": 0.0,
      "R": 0.0,
      "F1": 0.0,
      "NDCG": 0.0,
      "MRR": 0.0,
      "HR": 0.0,
      "MAP": 0.0,
      "n_eval_users": 0.0
    }
  },
  "timings": {
    "t_sbert": 0.15,
    "t_train": 250.01,
    "t_eval": 3.49,
    "world_size": 1.0,
    "loader": "pandas",
    "t_load": 5.35,
    "t_graph": 0.16
  }
}