{
  "rmse": 2.2761060179264923,
  "mae": 1.7590083116054536,
  "accuracy": 0.5658666666666666,
  "global_precision": 0.6848871343253365,
  "ranking": {
    "5": {
      "P": 0.0018399999999999998,
      "R": 0.008466666666666667,
      "F1": 0.002992857142857143,
      "NDCG": 0.005707519697793081,
      "MRR": 0.005006666666666666,
      "HR": 0.0092,
      "MAP": 0.004675555555555556,
      "n_eval_users": 5000.0
    },
    "10": {
      "P": 0.0015000000000000002,
      "R": 0.0137,
      "F1": 0.0026832167832167835,
      "NDCG": 0.007423626681114519,
      "MRR": 0.005738650793650794,
      "HR": 0.0148,
      "MAP": 0.005366468253968254,
      "n_eval_users": 5000.0
    },
    "20": {
      "P": 0.00111,
      "R": 0.01992888888888889,
      "F1": 0.002085072606553866,
      "NDCG": 0.009009332926958127,
      "MRR": 0.006205054140905534,
      "HR": 0.022,
      "MAP": 0.005771260490111883,
      "n_eval_users": 5000.0
    }
  },
  "ranking_kfiltered": {
    "5": {
      "P": 0.015384615384615385,
      "R": 0.01282051282051282,
      "F1": 0.013986013986013984,
      "NDCG": 0.026089246559508932,
      "MRR": 0.07692307692307693,
      "HR": 0.07692307692307693,
      "MAP": 0.015384615384615385,
      "n_eval_users": 13.0
    },
    "10": {
      "P": 0.0,
      "R": 0.0,
      "F1": 0.0,
      "NDCG": 0.0,
      "MRR": 0.0,
      "HR": 0.0,
      "MAP": 0.0,
      "n_eval_users": 0.0
    },
    "20": {
      "P": 0.0,
      "R": 0.0,
      "F1": 0.0,
      "NDCG": 0.0,
      "MRR": 0.0,
      "HR": 0.0,
      "MAP": 0.0,
      "n_eval_users": 0.0
    }
  },
  "timings": {
    "t_sbert": 34.6,
    "t_train": 120.82,
    "t_eval": 3.6,
    "world_size": 3.0,
    "loader": "spark",
    "t_load": 20.66,
    "t_graph": 0.12
  }
}