{
  "rmse": 2.1747164961405687,
  "mae": 1.7525069853142667,
  "accuracy": 0.5661360655156521,
  "global_precision": 0.6846301020408163,
  "ranking": {
    "5": {
      "P": 0.0009199999999999999,
      "R": 0.004233333333333333,
      "F1": 0.0014904761904761905,
      "NDCG": 0.0023953381840224617,
      "MRR": 0.0018633333333333334,
      "HR": 0.0046,
      "MAP": 0.001753333333333333,
      "n_eval_users": 5000.0
    },
    "10": {
      "P": 0.0007200000000000002,
      "R": 0.006433333333333334,
      "F1": 0.0012748834498834498,
      "NDCG": 0.0030922160579677014,
      "MRR": 0.002165714285714286,
      "HR": 0.0072,
      "MAP": 0.002008888888888889,
      "n_eval_users": 5000.0
    },
    "20": {
      "P": 0.00071,
      "R": 0.011735238095238095,
      "F1": 0.0013185198633894285,
      "NDCG": 0.004481487931142982,
      "MRR": 0.002622739090115251,
      "HR": 0.0142,
      "MAP": 0.002346772181207166,
      "n_eval_users": 5000.0
    }
  },
  "ranking_kfiltered": {
    "5": {
      "P": 0.0,
      "R": 0.0,
      "F1": 0.0,
      "NDCG": 0.0,
      "MRR": 0.0,
      "HR": 0.0,
      "MAP": 0.0,
      "n_eval_users": 32.0
    },
    "10": {
      "P": 0.0,
      "R": 0.0,
      "F1": 0.0,
      "NDCG": 0.0,
      "MRR": 0.0,
      "HR": 0.0,
      "MAP": 0.0,
      "n_eval_users": 1.0
    },
    "20": {
      "P": 0.0,
      "R": 0.0,
      "F1": 0.0,
      "NDCG": 0.0,
      "MRR": 0.0,
      "HR": 0.0,
      "MAP": 0.0,
      "n_eval_users": 0.0
    }
  },
  "timings": {
    "t_sbert": 0.17,
    "t_train": 187.07,
    "t_eval": 3.88,
    "world_size": 2.0,
    "loader": "spark",
    "t_load": 21.81,
    "t_graph": 0.22
  }
}