{
  "rmse": 2.1773705592339008,
  "mae": 1.755414942089608,
  "accuracy": 0.5657106392030347,
  "global_precision": 0.6843308174763474,
  "ranking": {
    "5": {
      "P": 0.00084,
      "R": 0.003795238095238095,
      "F1": 0.0013404761904761905,
      "NDCG": 0.0021255273254591808,
      "MRR": 0.001653333333333333,
      "HR": 0.0042,
      "MAP": 0.0015166666666666664,
      "n_eval_users": 5000.0
    },
    "10": {
      "P": 0.00074,
      "R": 0.006585238095238095,
      "F1": 0.001303476131711426,
      "NDCG": 0.0030564113511770056,
      "MRR": 0.0020884126984126983,
      "HR": 0.0074,
      "MAP": 0.001895218253968254,
      "n_eval_users": 5000.0
    },
    "20": {
      "P": 0.00082,
      "R": 0.01410190476190476,
      "F1": 0.001531706676576242,
      "NDCG": 0.004981094246621039,
      "MRR": 0.0026711716577196456,
      "HR": 0.0164,
      "MAP": 0.0023737362706093357,
      "n_eval_users": 5000.0
    }
  },
  "ranking_kfiltered": {
    "5": {
      "P": 0.00625,
      "R": 0.004464285714285714,
      "F1": 0.005208333333333333,
      "NDCG": 0.005299378207400252,
      "MRR": 0.010416666666666666,
      "HR": 0.03125,
      "MAP": 0.0020833333333333333,
      "n_eval_users": 32.0
    },
    "10": {
      "P": 0.0,
      "R": 0.0,
      "F1": 0.0,
      "NDCG": 0.0,
      "MRR": 0.0,
      "HR": 0.0,
      "MAP": 0.0,
      "n_eval_users": 1.0
    },
    "20": {
      "P": 0.0,
      "R": 0.0,
      "F1": 0.0,
      "NDCG": 0.0,
      "MRR": 0.0,
      "HR": 0.0,
      "MAP": 0.0,
      "n_eval_users": 0.0
    }
  },
  "timings": {
    "t_sbert": 0.3,
    "t_train": 257.78,
    "t_eval": 3.58,
    "world_size": 1.0,
    "loader": "pandas",
    "t_load": 5.88,
    "t_graph": 0.2
  }
}