{
  "rmse": 1.9688410541717987,
  "mae": 1.7157675715764364,
  "accuracy": 0.5725333333333333,
  "global_precision": 0.6945971170797469,
  "ranking": {
    "5": {
      "P": 0.0022,
      "R": 0.010356666666666667,
      "F1": 0.0035820634920634923,
      "NDCG": 0.007659160739021026,
      "MRR": 0.00688,
      "HR": 0.011,
      "MAP": 0.006699722222222222,
      "n_eval_users": 5000.0
    },
    "10": {
      "P": 0.0017,
      "R": 0.015873333333333333,
      "F1": 0.0030423176823176825,
      "NDCG": 0.009449030834374494,
      "MRR": 0.007645714285714285,
      "HR": 0.017,
      "MAP": 0.007411455026455026,
      "n_eval_users": 5000.0
    },
    "20": {
      "P": 0.00156,
      "R": 0.02911333333333333,
      "F1": 0.00294470468661773,
      "NDCG": 0.012822122686498537,
      "MRR": 0.008601673745930712,
      "HR": 0.031,
      "MAP": 0.008312351355358322,
      "n_eval_users": 5000.0
    }
  },
  "ranking_kfiltered": {
    "5": {
      "P": 0.015384615384615385,
      "R": 0.015384615384615385,
      "F1": 0.015384615384615387,
      "NDCG": 0.013044623279754466,
      "MRR": 0.02564102564102564,
      "HR": 0.07692307692307693,
      "MAP": 0.005128205128205128,
      "n_eval_users": 13.0
    },
    "10": {
      "P": 0.0,
      "R": 0.0,
      "F1": 0.0,
      "NDCG": 0.0,
      "MRR": 0.0,
      "HR": 0.0,
      "MAP": 0.0,
      "n_eval_users": 0.0
    },
    "20": {
      "P": 0.0,
      "R": 0.0,
      "F1": 0.0,
      "NDCG": 0.0,
      "MRR": 0.0,
      "HR": 0.0,
      "MAP": 0.0,
      "n_eval_users": 0.0
    }
  },
  "timings": {
    "t_sbert": 0.18,
    "t_train": 162.03,
    "t_eval": 3.64,
    "world_size": 1.0,
    "loader": "pandas",
    "t_load": 2.73,
    "t_graph": 0.08
  }
}